rank,exception_class,class_label,customer_id,customer_name,billing_period,amount_billed,priority_score,impact_score,confidence_score,recency_score,repeat_score,note,priority,recommended_action
1,Class2_StaleContract,Stale Contract,ATC-00101,Evergreen Insurance Partners,2024-04,"516,721.70",85.5,100,85,100,0,Contract expired — renegotiation may unlock higher rates.,MEDIUM,"Contract has expired. Confirm with the account owner whether to renew, renegotiate at current rates, or stop billing."
2,Class2_StaleContract,Stale Contract,ATC-00034,Pacific Crest Insurance,2024-04,"366,543.71",72.4,71,85,100,0,Contract expired — renegotiation may unlock higher rates.,MEDIUM,"Contract has expired. Confirm with the account owner whether to renew, renegotiate at current rates, or stop billing."
3,Class1_NoBillingContract,No Contract,ATC-ZZZZZ,Sunnyside Mutual Holdings,2024-04,"99,427.28",62.1,19,95,100,100,Possible name match: 'Riverdale Mutual Holdings' (similarity 76%),HIGH,"No contract found for this customer. Check CRM and Salesforce for an active contract or engagement letter. If none exists, stop billing or create a contract."
4,Class1_NoBillingContract,No Contract,ATC-ZZZZZ,Brookfield Insurance Trust,2024-04,"87,071.17",61.1,17,95,100,100,Possible name match: 'Verdant Insurance Trust' (similarity 73%),HIGH,"No contract found for this customer. Check CRM and Salesforce for an active contract or engagement letter. If none exists, stop billing or create a contract."
5,Class1_NoBillingContract,No Contract,ATC-ZZZZZ,Ridgemont Life Systems,2024-04,"84,765.84",60.9,16,95,100,100,Possible name match: 'Yosemite Life Systems' (similarity 74%),HIGH,"No contract found for this customer. Check CRM and Salesforce for an active contract or engagement letter. If none exists, stop billing or create a contract."
6,Class1_NoBillingContract,No Contract,ATC-ZZZZZ,Copperview Life Services,2024-04,"81,611.66",60.6,16,95,100,100,Possible name match: 'Pinehurst Life Services' (similarity 72%),HIGH,"No contract found for this customer. Check CRM and Salesforce for an active contract or engagement letter. If none exists, stop billing or create a contract."
7,Class1_NoBillingContract,No Contract,ATC-ZZZZZ,Westfield Annuity Group,2024-04,"75,116.30",60.0,14,95,100,100,No close contract name match found.,HIGH,"No contract found for this customer. Check CRM and Salesforce for an active contract or engagement letter. If none exists, stop billing or create a contract."
8,Class1_NoBillingContract,No Contract,ATC-ZZZZZ,Marlborough Benefits Inc.,2024-04,"69,228.44",59.5,13,95,100,100,Possible name match: 'Thornwood Benefits Inc.' (similarity 71%),HIGH,"No contract found for this customer. Check CRM and Salesforce for an active contract or engagement letter. If none exists, stop billing or create a contract."
9,Class1_NoBillingContract,No Contract,ATC-ZZZZZ,Millstone Insurance Partners,2024-04,"67,862.75",59.4,13,95,100,100,Possible name match: 'Kirkland Insurance Partners' (similarity 80%),HIGH,"No contract found for this customer. Check CRM and Salesforce for an active contract or engagement letter. If none exists, stop billing or create a contract."
10,Class4_InvoiceDrift,Invoice Drift,ATC-00021,Cascade Insurance Group,2024-04,"235,627.61",58.0,46,75,100,0,"Billed 18.7% under expected. Check for overage, credit, or billing error.",MEDIUM,"Invoice amount deviates from expected. Reconcile against contract terms and check for missed overage reporting, credits, or manual adjustments."
11,Class1_NoBillingContract,No Contract,ATC-ZZZZZ,Thornfield Policy Services,2024-04,"49,421.54",57.8,10,95,100,100,Possible name match: 'Thornbury Policy Services' (similarity 82%),HIGH,"No contract found for this customer. Check CRM and Salesforce for an active contract or engagement letter. If none exists, stop billing or create a contract."
12,Class1_NoBillingContract,No Contract,ATC-ZZZZZ,Greenlawn Benefits Co.,2024-04,"41,493.26",57.1,8,95,100,100,Possible name match: 'Pioneer Benefits Co.' (similarity 71%),HIGH,"No contract found for this customer. Check CRM and Salesforce for an active contract or engagement letter. If none exists, stop billing or create a contract."
13,Class1_NoBillingContract,No Contract,ATC-ZZZZZ,Cloverdale Insurance Group,2024-04,"24,276.12",55.6,5,95,100,100,Possible name match: 'Cascade Insurance Group' (similarity 78%),HIGH,"No contract found for this customer. Check CRM and Salesforce for an active contract or engagement letter. If none exists, stop billing or create a contract."
14,Class2_StaleContract,Stale Contract,ATC-00051,Glenwood Mutual Services,2024-04,"167,020.37",55.0,32,85,100,0,Contract expired — renegotiation may unlock higher rates.,MEDIUM,"Contract has expired. Confirm with the account owner whether to renew, renegotiate at current rates, or stop billing."
15,Class1_NoBillingContract,No Contract,ATC-ZZZZZ,Riverton Life Partners,2024-04,"10,517.45",54.4,2,95,100,100,Possible name match: 'Upton Life Partners' (similarity 83%),HIGH,"No contract found for this customer. Check CRM and Salesforce for an active contract or engagement letter. If none exists, stop billing or create a contract."
16,Class1_NoBillingContract,No Contract,ATC-ZZZZZ,Fairfield Policy Trust,2024-04,"8,127.59",54.2,2,95,100,100,No close contract name match found.,HIGH,"No contract found for this customer. Check CRM and Salesforce for an active contract or engagement letter. If none exists, stop billing or create a contract."
17,Class4_InvoiceDrift,Invoice Drift,ATC-00039,Union Square Benefits,2024-04,"137,852.42",49.5,27,75,100,0,"Billed 10.6% over expected. Check for overage, credit, or billing error.",MEDIUM,"Invoice amount deviates from expected. Reconcile against contract terms and check for missed overage reporting, credits, or manual adjustments."
18,Class2_StaleContract,Stale Contract,ATC-00037,Silvergate Insurance,2024-04,"81,277.89",47.6,16,85,100,0,Contract expired — renegotiation may unlock higher rates.,MEDIUM,"Contract has expired. Confirm with the account owner whether to renew, renegotiate at current rates, or stop billing."
19,Class2_StaleContract,Stale Contract,ATC-00114,Ravenwood Life Partners,2024-04,"76,297.92",47.2,15,85,100,0,Contract expired — renegotiation may unlock higher rates.,MEDIUM,"Contract has expired. Confirm with the account owner whether to renew, renegotiate at current rates, or stop billing."
20,Class2_StaleContract,Stale Contract,ATC-00055,Kirkland Insurance Partners,2024-04,"73,977.06",46.9,14,85,100,0,Contract expired — renegotiation may unlock higher rates.,MEDIUM,"Contract has expired. Confirm with the account owner whether to renew, renegotiate at current rates, or stop billing."
21,Class4_InvoiceDrift,Invoice Drift,ATC-00012,Ironbridge Benefit,2024-04,"48,750.32",46.7,9,75,100,50,"Billed 28.3% over expected. Check for overage, credit, or billing error.",HIGH,"Invoice amount deviates from expected. Reconcile against contract terms and check for missed overage reporting, credits, or manual adjustments."
22,Class4_InvoiceDrift,Invoice Drift,ATC-00032,Northfield Insurance Co.,2024-04,"63,325.17",43.0,12,75,100,0,"Billed 10.4% under expected. Check for overage, credit, or billing error.",MEDIUM,"Invoice amount deviates from expected. Reconcile against contract terms and check for missed overage reporting, credits, or manual adjustments."
23,Class4_InvoiceDrift,Invoice Drift,ATC-00081,Kestrel Insurance Network,2024-04,"57,531.64",42.5,11,75,100,0,"Billed 22.1% under expected. Check for overage, credit, or billing error.",MEDIUM,"Invoice amount deviates from expected. Reconcile against contract terms and check for missed overage reporting, credits, or manual adjustments."
24,Class2_StaleContract,Stale Contract,ATC-00106,Jasper Policy Services,2024-04,"19,684.84",42.2,4,85,100,0,Contract expired — renegotiation may unlock higher rates.,MEDIUM,"Contract has expired. Confirm with the account owner whether to renew, renegotiate at current rates, or stop billing."
25,Class4_InvoiceDrift,Invoice Drift,ATC-00004,Pioneer Benefits Co.,2024-04,"51,249.15",42.0,10,75,100,0,"Billed 30.5% under expected. Check for overage, credit, or billing error.",HIGH,"Invoice amount deviates from expected. Reconcile against contract terms and check for missed overage reporting, credits, or manual adjustments."
26,Class2_StaleContract,Stale Contract,ATC-00048,Driftwood Annuity Group,2024-04,"5,502.87",41.0,1,85,100,0,Contract expired — renegotiation may unlock higher rates.,MEDIUM,"Contract has expired. Confirm with the account owner whether to renew, renegotiate at current rates, or stop billing."
27,Class2_StaleContract,Stale Contract,ATC-00023,Eastbrook Policy Services,2024-04,"3,331.52",40.8,1,85,100,0,Contract expired — renegotiation may unlock higher rates.,MEDIUM,"Contract has expired. Confirm with the account owner whether to renew, renegotiate at current rates, or stop billing."
28,Class2_StaleContract,Stale Contract,ATC-00033,Oakdale Benefits Group,2024-04,"1,204.13",40.6,0,85,100,0,Contract expired — renegotiation may unlock higher rates.,MEDIUM,"Contract has expired. Confirm with the account owner whether to renew, renegotiate at current rates, or stop billing."
29,Class5_NameDrift,Name Drift,ATC-00012,Ironbridge Benefit,2024-04,,39.5,0,65,100,50,Billing name 'Ironbridge Benefit' differs from contract name 'Ironbridge Benefits' (similarity 97%). Confirm these are the same customer.,LOW,Customer name differs between billing and contract records. Standardize the name across CRM and billing systems to prevent future matching failures.
30,Class4_InvoiceDrift,Invoice Drift,ATC-00066,Vineyard Life Systems,2024-04,"18,188.09",39.1,4,75,100,0,"Billed 30.6% under expected. Check for overage, credit, or billing error.",HIGH,"Invoice amount deviates from expected. Reconcile against contract terms and check for missed overage reporting, credits, or manual adjustments."
31,Class4_InvoiceDrift,Invoice Drift,ATC-00053,Ironwood Policy Advisors,2024-04,"16,763.33",38.9,3,75,100,0,"Billed 28.2% over expected. Check for overage, credit, or billing error.",HIGH,"Invoice amount deviates from expected. Reconcile against contract terms and check for missed overage reporting, credits, or manual adjustments."
32,Class4_InvoiceDrift,Invoice Drift,ATC-00068,Xenon Policy Partners,2024-04,"6,870.58",38.1,1,75,100,0,"Billed 19.7% over expected. Check for overage, credit, or billing error.",MEDIUM,"Invoice amount deviates from expected. Reconcile against contract terms and check for missed overage reporting, credits, or manual adjustments."
33,Class3_BaseQtyZero,Base Qty = 0,ATC-00115,Sedgwick Insurance Services,,,35.1,0,92,50,0,base_quantity = 0 means every transaction bills at overage rate. Confirm this is intentional — may be a data entry error.,HIGH,Base quantity is 0 — every transaction bills at overage rate with no included volume. Confirm this is intentional or correct the contract entry.
34,Class3_BaseQtyZero,Base Qty = 0,ATC-00095,Yellowrock Mutual Services,,,35.1,0,92,50,0,base_quantity = 0 means every transaction bills at overage rate. Confirm this is intentional — may be a data entry error.,HIGH,Base quantity is 0 — every transaction bills at overage rate with no included volume. Confirm this is intentional or correct the contract entry.
35,Class5_NameDrift,Name Drift,ATC-00007,Atlas Brokerage,2024-04,,34.5,0,65,100,0,Billing name 'Atlas Brokerage' differs from contract name 'Atlas Brokerage Network' (similarity 79%). Confirm these are the same customer.,LOW,Customer name differs between billing and contract records. Standardize the name across CRM and billing systems to prevent future matching failures.
36,Class5_NameDrift,Name Drift,ATC-00008,Meridian Life Casualty,2024-04,,34.5,0,65,100,0,Billing name 'Meridian Life Casualty' differs from contract name 'Meridian Life & Casualty' (similarity 96%). Confirm these are the same customer.,LOW,Customer name differs between billing and contract records. Standardize the name across CRM and billing systems to prevent future matching failures.
37,Class5_NameDrift,Name Drift,ATC-00009,Meridian Life Casualty,2024-04,,34.5,0,65,100,0,Billing name 'Meridian Life Casualty' differs from contract name 'Meridian Life & Casualty' (similarity 96%). Confirm these are the same customer.,LOW,Customer name differs between billing and contract records. Standardize the name across CRM and billing systems to prevent future matching failures.
38,Class5_NameDrift,Name Drift,ATC-00011,Crestview Insurance,2024-04,,34.5,0,65,100,0,Billing name 'Crestview Insurance' differs from contract name 'Crestview Insurance Partners' (similarity 81%). Confirm these are the same customer.,LOW,Customer name differs between billing and contract records. Standardize the name across CRM and billing systems to prevent future matching failures.
